month,day,hr,total_volume
1,1,1,1165
1,1,2,1306
1,1,3,930
1,1,4,818
1,1,5,675
1,1,6,630
1,1,7,633
1,1,8,1073
1,1,9,1223
1,1,10,1919
1,1,11,2075
1,1,12,2338
1,1,13,2649
1,1,14,2728
1,1,15,2762
1,1,16,2798
1,1,17,2835
1,1,18,1979
1,1,19,1763
1,1,20,1441
1,1,21,1326
1,1,22,1275
1,1,23,1099
1,1,24,929
1,2,1,712
1,2,2,602
1,2,3,537
1,2,4,540
1,2,5,623
1,2,6,793
1,2,7,1260
1,2,8,1495
1,2,9,2067
1,2,10,2362
1,2,11,2694
1,2,12,3037
1,2,13,3126
1,2,14,2662
1,2,15,2878
1,2,16,3055
1,2,17,3312
1,2,18,2934
1,2,19,2174
1,2,20,2041
1,2,21,1821
1,2,22,1696
1,2,23,1406
1,2,24,1121
1,3,1,885
1,3,2,715
1,3,3,642
1,3,4,674
1,3,5,651
1,3,6,688
1,3,7,957
1,3,8,1391
1,3,9,1952
1,3,10,2131
1,3,11,2226
1,3,12,2484
1,3,13,2932
1,3,14,2946
1,3,15,2939
1,3,16,2747
1,3,17,2447
1,3,18,2410
1,3,19,1337
1,3,20,2005
1,3,21,1777
1,3,22,1481
1,3,23,1393
1,3,24,1097
1,4,1,1070
1,4,2,840
1,4,3,662
1,4,4,652
1,4,5,587
1,4,6,639
1,4,7,673
1,4,8,881
1,4,9,1671
1,4,10,2294
1,4,11,2459
1,4,12,2679
1,4,13,3177
1,4,14,3652
1,4,15,3236
1,4,16,3162
1,4,17,3134
1,4,18,2668
1,4,19,1379
1,4,20,1220
1,4,21,1000
1,4,22,983
1,4,23,945
1,4,24,868
1,5,1,594
1,5,2,475
1,5,3,507
1,5,4,473
1,5,5,575
1,5,6,856
1,5,7,1370
1,5,8,1710
1,5,9,1972
1,5,10,2497
1,5,11,2806
1,5,12,2485
1,5,13,2990
1,5,14,2970
1,5,15,3140
1,5,16,3089
1,5,17,2766
1,5,18,3009
1,5,19,1737
1,5,20,1601
1,5,21,1274
1,5,22,1144
1,5,23,957
1,5,24,763
1,6,1,621
1,6,2,515
1,6,3,455
1,6,4,507
1,6,5,524
1,6,6,784
1,6,7,1224
1,6,8,1807
1,6,9,1652
1,6,10,2470
1,6,11,2808
1,6,12,2636
1,6,13,2893
1,6,14,3038
1,6,15,3026
1,6,16,3192
1,6,17,3465
1,6,18,2697
1,6,19,2128
1,6,20,1834
1,6,21,1383
1,6,22,1119
1,6,23,953
1,6,24,827
1,7,1,639
1,7,2,507
1,7,3,492
1,7,4,440
1,7,5,491
1,7,6,760
1,7,7,1207
1,7,8,1876
1,7,9,1722
1,7,10,2330
1,7,11,2565
1,7,12,2835
1,7,13,3057
1,7,14,2975
1,7,15,3037
1,7,16,3357
1,7,17,3719
1,7,18,3441
1,7,19,2072
1,7,20,1788
1,7,21,1324
1,7,22,1088
1,7,23,1013
1,7,24,816
1,8,1,594
1,8,2,495
1,8,3,491
1,8,4,446
1,8,5,535
1,8,6,736
1,8,7,1150
1,8,8,1841
1,8,9,1562
1,8,10,2183
1,8,11,2585
1,8,12,2519
1,8,13,2950
1,8,14,3125
1,8,15,3199
1,8,16,2994
1,8,17,2759
1,8,18,2831
1,8,19,2031
1,8,20,1806
1,8,21,1430
1,8,22,1186
1,8,23,1020
1,8,24,835
1,9,1,615
1,9,2,531
1,9,3,466
1,9,4,492
1,9,5,547
1,9,6,698
1,9,7,1101
1,9,8,1914
1,9,9,1733
1,9,10,2432
1,9,11,2938
1,9,12,3068
1,9,13,3282
1,9,14,3341
1,9,15,3421
1,9,16,3599
1,9,17,3860
1,9,18,3335
1,9,19,2473
1,9,20,1927
1,9,21,1607
1,9,22,1282
1,9,23,1229
1,9,24,1016
1,10,1,820
1,10,2,656
1,10,3,578
1,10,4,548
1,10,5,529
1,10,6,569
1,10,7,809
1,10,8,1420
1,10,9,1830
1,10,10,2500
1,10,11,2507
1,10,12,2368
1,10,13,2736
1,10,14,2759
1,10,15,2622
1,10,16,2593
1,10,17,2181
1,10,18,2109
1,10,19,1353
1,10,20,1549
1,10,21,1409
1,10,22,1255
1,10,23,1535
1,10,24,1133
1,11,1,720
1,11,2,708
1,11,3,636
1,11,4,590
1,11,5,511
1,11,6,528
1,11,7,676
1,11,8,904
1,11,9,1665
1,11,10,2186
1,11,11,2367
1,11,12,2658
1,11,13,2949
1,11,14,3354
1,11,15,3087
1,11,16,3329
1,11,17,2928
1,11,18,2367
1,11,19,2022
1,11,20,1660
1,11,21,1602
1,11,22,1148
1,11,23,987
1,11,24,837
1,12,1,610
1,12,2,487
1,12,3,468
1,12,4,454
1,12,5,560
1,12,6,858
1,12,7,1970
1,12,8,1744
1,12,9,2014
1,12,10,2067
1,12,11,2078
1,12,12,2385
1,12,13,2615
1,12,14,2622
1,12,15,2628
1,12,16,2854
1,12,17,3082
1,12,18,2758
1,12,19,2347
1,12,20,2020
1,12,21,1442
1,12,22,1092
1,12,23,946
1,12,24,815
1,13,1,613
1,13,2,518
1,13,3,441
1,13,4,486
1,13,5,481
1,13,6,695
1,13,7,1005
1,13,8,1488
1,13,9,2164
1,13,10,2345
1,13,11,2705
1,13,12,2821
1,13,13,2814
1,13,14,3177
1,13,15,3312
1,13,16,3258
1,13,17,3362
1,13,18,3024
1,13,19,2476
1,13,20,2351
1,13,21,1850
1,13,22,1382
1,13,23,1103
1,13,24,877
1,14,1,605
1,14,2,533
1,14,3,549
1,14,4,531
1,14,5,552
1,14,6,877
1,14,7,1521
1,14,8,1828
1,14,9,2167
1,14,10,2345
1,14,11,2629
1,14,12,2748
1,14,13,3088
1,14,14,3192
1,14,15,3340
1,14,16,3525
1,14,17,3730
1,14,18,3112
1,14,19,2163
1,14,20,1731
1,14,21,1340
1,14,22,1075
1,14,23,905
1,14,24,779
1,15,1,574
1,15,2,512
1,15,3,484
1,15,4,457
1,15,5,529
1,15,6,797
1,15,7,1130
1,15,8,1192
1,15,9,2274
1,15,10,2478
1,15,11,2559
1,15,12,2820
1,15,13,3090
1,15,14,3098
1,15,15,3266
1,15,16,3374
1,15,17,3551
1,15,18,3476
1,15,19,2796
1,15,20,2324
1,15,21,1903
1,15,22,1528
1,15,23,1184
1,15,24,972
1,16,1,667
1,16,2,556
1,16,3,559
1,16,4,580
1,16,5,630
1,16,6,764
1,16,7,1052
1,16,8,1426
1,16,9,1865
1,16,10,2515
1,16,11,2839
1,16,12,3013
1,16,13,3319
1,16,14,3382
1,16,15,3425
1,16,16,3441
1,16,17,3083
1,16,18,2660
1,16,19,2134
1,16,20,2085
1,16,21,1798
1,16,22,1471
1,16,23,1263
1,16,24,1101
1,17,1,788
1,17,2,721
1,17,3,643
1,17,4,638
1,17,5,589
1,17,6,652
1,17,7,803
1,17,8,1436
1,17,9,2092
1,17,10,2127
1,17,11,2328
1,17,12,2350
1,17,13,2466
1,17,14,2559
1,17,15,2612
1,17,16,2701
1,17,17,2720
1,17,18,2583
1,17,19,1879
1,17,20,1555
1,17,21,1471
1,17,22,1285
1,17,23,1203
1,17,24,1068
1,18,1,826
1,18,2,699
1,18,3,644
1,18,4,633
1,18,5,559
1,18,6,534
1,18,7,624
1,18,8,993
1,18,9,1412
1,18,10,1932
1,18,11,2027
1,18,12,2299
1,18,13,2515
1,18,14,2721
1,18,15,2712
1,18,16,2581
1,18,17,2291
1,18,18,2195
1,18,19,1546
1,18,20,1392
1,18,21,1241
1,18,22,1065
1,18,23,919
1,18,24,759
1,19,1,597
1,19,2,500
1,19,3,500
1,19,4,471
1,19,5,536
1,19,6,747
1,19,7,1052
1,19,8,1716
1,19,9,1795
1,19,10,2498
1,19,11,2697
1,19,12,2830
1,19,13,3145
1,19,14,3049
1,19,15,3175
1,19,16,3181
1,19,17,3308
1,19,18,3319
1,19,19,2189
1,19,20,1627
1,19,21,1401
1,19,22,1119
1,19,23,856
1,19,24,720
1,20,1,583
1,20,2,498
1,20,3,436
1,20,4,448
1,20,5,548
1,20,6,847
1,20,7,1419
1,20,8,1558
1,20,9,1390
1,20,10,2284
1,20,11,2762
1,20,12,2933
1,20,13,3001
1,20,14,3007
1,20,15,3180
1,20,16,3338
1,20,17,3734
1,20,18,3555
1,20,19,2352
1,20,20,1940
1,20,21,1416
1,20,22,1204
1,20,23,986
1,20,24,766
1,21,1,575
1,21,2,546
1,21,3,442
1,21,4,465
1,21,5,543
1,21,6,801
1,21,7,1316
1,21,8,1936
1,21,9,2133
1,21,10,2330
1,21,11,2846
1,21,12,2921
1,21,13,2980
1,21,14,3115
1,21,15,3097
1,21,16,3077
1,21,17,3097
1,21,18,3389
1,21,19,1955
1,21,20,1881
1,21,21,1599
1,21,22,1183
1,21,23,1116
1,21,24,826
1,22,1,614
1,22,2,504
1,22,3,482
1,22,4,447
1,22,5,523
1,22,6,766
1,22,7,1176
1,22,8,1789
1,22,9,2064
1,22,10,2072
1,22,11,2701
1,22,12,2969
1,22,13,3105
1,22,14,3062
1,22,15,3495
1,22,16,3784
1,22,17,3604
1,22,18,3353
1,22,19,2336
1,22,20,2039
1,22,21,1674
1,22,22,1309
1,22,23,1169
1,22,24,1020
1,23,1,702
1,23,2,552
1,23,3,529
1,23,4,529
1,23,5,624
1,23,6,864
1,23,7,1156
1,23,8,1494
1,23,9,2036
1,23,10,2290
1,23,11,2503
1,23,12,2739
1,23,13,3056
1,23,14,3320
1,23,15,3191
1,23,16,3303
1,23,17,3349
1,23,18,3020
1,23,19,2549
1,23,20,2005
1,23,21,1636
1,23,22,1436
1,23,23,1577
1,23,24,1221
1,24,1,898
1,24,2,723
1,24,3,655
1,24,4,635
1,24,5,584
1,24,6,660
1,24,7,905
1,24,8,1276
1,24,9,2002
1,24,10,2303
1,24,11,2148
1,24,12,2121
1,24,13,2565
1,24,14,2436
1,24,15,2443
1,24,16,2296
1,24,17,2119
1,24,18,2102
1,24,19,1847
1,24,20,1660
1,24,21,1553
1,24,22,1280
1,24,23,960
1,24,24,1109
1,25,1,844
1,25,2,702
1,25,3,660
1,25,4,624
1,25,5,531
1,25,6,561
1,25,7,645
1,25,8,974
1,25,9,1493
1,25,10,2096
1,25,11,2319
1,25,12,2323
1,25,13,2956
1,25,14,2840
1,25,15,2758
1,25,16,2665
1,25,17,2549
1,25,18,2247
1,25,19,1857
1,25,20,1520
1,25,21,1372
1,25,22,1175
1,25,23,1059
1,25,24,880
1,26,1,662
1,26,2,494
1,26,3,471
1,26,4,487
1,26,5,554
1,26,6,947
1,26,7,1544
1,26,8,1772
1,26,9,2248
1,26,10,2538
1,26,11,2603
1,26,12,2882
1,26,13,3057
1,26,14,3280
1,26,15,3419
1,26,16,3461
1,26,17,3667
1,26,18,3194
1,26,19,2418
1,26,20,1586
1,26,21,1270
1,26,22,1070
1,26,23,883
1,26,24,698
1,27,1,577
1,27,2,500
1,27,3,498
1,27,4,443
1,27,5,489
1,27,6,795
1,27,7,1217
1,27,8,1767
1,27,9,1666
1,27,10,2128
1,27,11,2285
1,27,12,2252
1,27,13,2825
1,27,14,2652
1,27,15,3016
1,27,16,2629
1,27,17,3355
1,27,18,2980
1,27,19,2070
1,27,20,1823
1,27,21,1415
1,27,22,1148
1,27,23,952
1,27,24,782
1,28,1,644
1,28,2,503
1,28,3,494
1,28,4,448
1,28,5,515
1,28,6,800
1,28,7,1308
1,28,8,1864
1,28,9,1989
1,28,10,2106
1,28,11,2708
1,28,12,2536
1,28,13,3134
1,28,14,3089
1,28,15,3147
1,28,16,2951
1,28,17,2725
1,28,18,2401
1,28,19,2370
1,28,20,1764
1,28,21,1499
1,28,22,1142
1,28,23,1037
1,28,24,905
1,29,1,582
1,29,2,492
1,29,3,499
1,29,4,523
1,29,5,535
1,29,6,858
1,29,7,1238
1,29,8,2051
1,29,9,1971
1,29,10,2156
1,29,11,2557
1,29,12,2747
1,29,13,3193
1,29,14,3328
1,29,15,3690
1,29,16,3871
1,29,17,3958
1,29,18,3568
1,29,19,2715
1,29,20,2005
1,29,21,1643
1,29,22,1381
1,29,23,1070
1,29,24,820
1,30,1,655
1,30,2,541
1,30,3,470
1,30,4,524
1,30,5,576
1,30,6,850
1,30,7,1266
1,30,8,1956
1,30,9,2344
1,30,10,2546
1,30,11,2888
1,30,12,2984
1,30,13,3536
1,30,14,3142
1,30,15,3512
1,30,16,3521
1,30,17,3161
1,30,18,3000
1,30,19,2086
1,30,20,1849
1,30,21,1527
1,30,22,1363
1,30,23,1430
1,30,24,1101
1,31,1,802
1,31,2,664
1,31,3,624
1,31,4,630
1,31,5,592
1,31,6,645
1,31,7,791
1,31,8,1388
1,31,9,2014
1,31,10,2543
1,31,11,2327
1,31,12,2600
1,31,13,2806
1,31,14,3068
1,31,15,2959
1,31,16,3175
1,31,17,2368
1,31,18,3111
1,31,19,1837
1,31,20,1813
1,31,21,1675
1,31,22,1369
1,31,23,1436
1,31,24,1144
2,1,1,906
2,1,2,761
2,1,3,729
2,1,4,653
2,1,5,548
2,1,6,559
2,1,7,640
2,1,8,1052
2,1,9,1572
2,1,10,1937
2,1,11,2239
2,1,12,2594
2,1,13,2886
2,1,14,3134
2,1,15,3157
2,1,16,2980
2,1,17,3117
2,1,18,2434
2,1,19,1962
2,1,20,1448
2,1,21,1182
2,1,22,1021
2,1,23,1361
2,1,24,1074
2,2,1,787
2,2,2,559
2,2,3,489
2,2,4,506
2,2,5,636
2,2,6,1027
2,2,7,1593
2,2,8,1763
2,2,9,2343
2,2,10,2188
2,2,11,2301
2,2,12,2605
2,2,13,2892
2,2,14,2631
2,2,15,1994
2,2,16,1971
2,2,17,2806
2,2,18,3317
2,2,19,2076
2,2,20,1580
2,2,21,1243
2,2,22,1030
2,2,23,895
2,2,24,700
2,3,1,573
2,3,2,480
2,3,3,443
2,3,4,472
2,3,5,555
2,3,6,793
2,3,7,1336
2,3,8,2024
2,3,9,2190
2,3,10,2184
2,3,11,2366
2,3,12,2824
2,3,13,3100
2,3,14,3196
2,3,15,3192
2,3,16,3365
2,3,17,3471
2,3,18,3506
2,3,19,2310
2,3,20,1830
2,3,21,1396
2,3,22,1192
2,3,23,981
2,3,24,788
2,4,1,586
2,4,2,476
2,4,3,451
2,4,4,473
2,4,5,557
2,4,6,784
2,4,7,1320
2,4,8,1694
2,4,9,2269
2,4,10,2262
2,4,11,2547
2,4,12,2827
2,4,13,3139
2,4,14,3410
2,4,15,3640
2,4,16,3424
2,4,17,3715
2,4,18,3494
2,4,19,2073
2,4,20,1885
2,4,21,1593
2,4,22,1200
2,4,23,1159
2,4,24,894
2,5,1,668
2,5,2,534
2,5,3,463
2,5,4,491
2,5,5,513
2,5,6,856
2,5,7,1368
2,5,8,1822
2,5,9,2282
2,5,10,2482
2,5,11,2655
2,5,12,2850
2,5,13,3178
2,5,14,3272
2,5,15,3333
2,5,16,3485
2,5,17,3432
2,5,18,3001
2,5,19,2298
2,5,20,1970
2,5,21,1665
2,5,22,1306
2,5,23,1090
2,5,24,894
2,6,1,648
2,6,2,528
2,6,3,571
2,6,4,528
2,6,5,559
2,6,6,822
2,6,7,1288
2,6,8,1767
2,6,9,2218
2,6,10,2419
2,6,11,2723
2,6,12,2914
2,6,13,3088
2,6,14,3585
2,6,15,3369
2,6,16,3427
2,6,17,3522
2,6,18,3768
2,6,19,2607
2,6,20,2140
2,6,21,1860
2,6,22,1418
2,6,23,1395
2,6,24,1137
2,7,1,858
2,7,2,663
2,7,3,620
2,7,4,634
2,7,5,595
2,7,6,647
2,7,7,847
2,7,8,1547
2,7,9,2322
2,7,10,2525
2,7,11,2347
2,7,12,2242
2,7,13,2749
2,7,14,2689
2,7,15,2684
2,7,16,2469
2,7,17,2462
2,7,18,2499
2,7,19,2063
2,7,20,1709
2,7,21,1543
2,7,22,1421
2,7,23,1473
2,7,24,1499
2,8,1,1009
2,8,2,728
2,8,3,683
2,8,4,654
2,8,5,522
2,8,6,563
2,8,7,687
2,8,8,1304
2,8,9,1817
2,8,10,2063
2,8,11,2228
2,8,12,2374
2,8,13,2970
2,8,14,2754
2,8,15,2720
2,8,16,2710
2,8,17,2923
2,8,18,2564
2,8,19,2456
2,8,20,1823
2,8,21,1619
2,8,22,1285
2,8,23,996
2,8,24,830
2,9,1,658
2,9,2,529
2,9,3,446
2,9,4,459
2,9,5,565
2,9,6,1234
2,9,7,1956
2,9,8,1719
2,9,9,2372
2,9,10,2172
2,9,11,2349
2,9,12,2799
2,9,13,3071
2,9,14,3356
2,9,15,3153
2,9,16,3283
2,9,17,3368
2,9,18,3231
2,9,19,2620
2,9,20,1807
2,9,21,1354
2,9,22,1120
2,9,23,873
2,9,24,731
2,10,1,586
2,10,2,509
2,10,3,494
2,10,4,486
2,10,5,534
2,10,6,805
2,10,7,1370
2,10,8,2064
2,10,9,2342
2,10,10,2490
2,10,11,2428
2,10,12,2684
2,10,13,2962
2,10,14,3041
2,10,15,3160
2,10,16,3079
2,10,17,3055
2,10,18,3057
2,10,19,2684
2,10,20,1704
2,10,21,1462
2,10,22,1286
2,10,23,971
2,10,24,821
2,11,1,539
2,11,2,503
2,11,3,464
2,11,4,468
2,11,5,554
2,11,6,799
2,11,7,1441
2,11,8,2290
2,11,9,2415
2,11,10,2311
2,11,11,2641
2,11,12,2833
2,11,13,3057
2,11,14,3075
2,11,15,3238
2,11,16,2978
2,11,17,2937
2,11,18,2934
2,11,19,2650
2,11,20,1774
2,11,21,1641
2,11,22,1311
2,11,23,1189
2,11,24,938
2,12,1,635
2,12,2,515
2,12,3,512
2,12,4,494
2,12,5,626
2,12,6,918
2,12,7,1357
2,12,8,2172
2,12,9,2312
2,12,10,2357
2,12,11,2535
2,12,12,2874
2,12,13,3376
2,12,14,3287
2,12,15,2718
2,12,16,3555
2,12,17,3475
2,12,18,3353
2,12,19,2558
2,12,20,1987
2,12,21,1701
2,12,22,1400
2,12,23,1243
2,12,24,952
2,13,1,659
2,13,2,553
2,13,3,557
2,13,4,524
2,13,5,600
2,13,6,915
2,13,7,1350
2,13,8,2255
2,13,9,2506
2,13,10,2596
2,13,11,2748
2,13,12,2895
2,13,13,3330
2,13,14,3481
2,13,15,3533
2,13,16,3343
2,13,17,3021
2,13,18,3753
2,13,19,2591
2,13,20,2043
2,13,21,1695
2,13,22,1937
2,13,23,1588
2,13,24,1315
2,14,1,987
2,14,2,780
2,14,3,680
2,14,4,632
2,14,5,604
2,14,6,680
2,14,7,945
2,14,8,1687
2,14,9,2242
2,14,10,2407
2,14,11,2331
2,14,12,2386
2,14,13,2759
2,14,14,2837
2,14,15,2719
2,14,16,2707
2,14,17,2639
2,14,18,2997
2,14,19,2374
2,14,20,1870
2,14,21,1828
2,14,22,1641
2,14,23,1456
2,14,24,1241
2,15,1,1068
2,15,2,760
2,15,3,676
2,15,4,656
2,15,5,573
2,15,6,555
2,15,7,666
2,15,8,1263
2,15,9,1776
2,15,10,2024
2,15,11,2169
2,15,12,2416
2,15,13,2766
2,15,14,3006
2,15,15,2940
2,15,16,3274
2,15,17,3180
2,15,18,2854
2,15,19,2190
2,15,20,2130
2,15,21,1558
2,15,22,1328
2,15,23,1131
2,15,24,939
2,16,1,652
2,16,2,535
2,16,3,491
2,16,4,496
2,16,5,558
2,16,6,919
2,16,7,1448
2,16,8,1973
2,16,9,2340
2,16,10,2505
2,16,11,2708
2,16,12,2874
2,16,13,3187
2,16,14,3235
2,16,15,3427
2,16,16,3266
2,16,17,3128
2,16,18,2853
2,16,19,2232
2,16,20,1815
2,16,21,1361
2,16,22,1217
2,16,23,951
2,16,24,795
2,17,1,606
2,17,2,489
2,17,3,449
2,17,4,463
2,17,5,522
2,17,6,779
2,17,7,1231
2,17,8,1511
2,17,9,1985
2,17,10,2110
2,17,11,2025
2,17,12,2318
2,17,13,2661
2,17,14,2914
2,17,15,3134
2,17,16,3206
2,17,17,3511
2,17,18,3353
2,17,19,2480
2,17,20,1845
2,17,21,1532
2,17,22,1256
2,17,23,1002
2,17,24,806
2,18,1,583
2,18,2,565
2,18,3,467
2,18,4,492
2,18,5,556
2,18,6,805
2,18,7,1374
2,18,8,2066
2,18,9,2313
2,18,10,2376
2,18,11,2496
2,18,12,2572
2,18,13,2896
2,18,14,3102
2,18,15,3164
2,18,16,3399
2,18,17,3529
2,18,18,3515
2,18,19,2140
2,18,20,1837
2,18,21,1530
2,18,22,1238
2,18,23,1041
2,18,24,875
2,19,1,636
2,19,2,593
2,19,3,501
2,19,4,491
2,19,5,570
2,19,6,848
2,19,7,1301
2,19,8,1928
2,19,9,2445
2,19,10,2148
2,19,11,2388
2,19,12,2427
2,19,13,2885
2,19,14,3077
2,19,15,3297
2,19,16,3323
2,19,17,3052
2,19,18,3272
2,19,19,2642
2,19,20,1828
2,19,21,1759
2,19,22,1372
2,19,23,1177
2,19,24,1106
2,20,1,669
2,20,2,568
2,20,3,558
2,20,4,537
2,20,5,538
2,20,6,787
2,20,7,1175
2,20,8,2110
2,20,9,2430
2,20,10,2769
2,20,11,2970
2,20,12,3086
2,20,13,3261
2,20,14,3477
2,20,15,3510
2,20,16,3605
2,20,17,3372
2,20,18,3341
2,20,19,2515
2,20,20,2096
2,20,21,1595
2,20,22,1339
2,20,23,1307
2,20,24,1075
2,21,1,809
2,21,2,685
2,21,3,568
2,21,4,583
2,21,5,544
2,21,6,656
2,21,7,754
2,21,8,1424
2,21,9,2119
2,21,10,2226
2,21,11,2494
2,21,12,2694
2,21,13,2861
2,21,14,3018
2,21,15,3219
2,21,16,3266
2,21,17,3120
2,21,18,2680
2,21,19,2261
2,21,20,1830
2,21,21,1611
2,21,22,1728
2,21,23,1854
2,21,24,1609
2,22,1,1445
2,22,2,999
2,22,3,817
2,22,4,776
2,22,5,615
2,22,6,613
2,22,7,751
2,22,8,1358
2,22,9,1583
2,22,10,1761
2,22,11,2258
2,22,12,2654
2,22,13,2985
2,22,14,3351
2,22,15,3634
2,22,16,3600
2,22,17,3304
2,22,18,3036
2,22,19,2329
2,22,20,2153
2,22,21,1610
2,22,22,1214
2,22,23,1196
2,22,24,995
2,23,1,672
2,23,2,532
2,23,3,486
2,23,4,531
2,23,5,656
2,23,6,1134
2,23,7,2172
2,23,8,2279
2,23,9,2226
2,23,10,2435
2,23,11,2705
2,23,12,2873
2,23,13,2936
2,23,14,2952
2,23,15,3287
2,23,16,3592
2,23,17,3575
2,23,18,3862
2,23,19,2869
2,23,20,1868
2,23,21,2023
2,23,22,1331
2,23,23,977
2,23,24,825
2,24,1,647
2,24,2,575
2,24,3,486
2,24,4,501
2,24,5,573
2,24,6,863
2,24,7,1443
2,24,8,1880
2,24,9,1964
2,24,10,2211
2,24,11,2152
2,24,12,2632
2,24,13,2892
2,24,14,2928
2,24,15,2918
2,24,16,3343
2,24,17,3854
2,24,18,3518
2,24,19,2078
2,24,20,1837
2,24,21,1648
2,24,22,1359
2,24,23,1183
2,24,24,947
2,25,1,656
2,25,2,527
2,25,3,490
2,25,4,488
2,25,5,591
2,25,6,903
2,25,7,1432
2,25,8,2209
2,25,9,2407
2,25,10,2322
2,25,11,2584
2,25,12,2933
2,25,13,3410
2,25,14,3489
2,25,15,3012
2,25,16,2795
2,25,17,1739
2,25,18,1230
2,25,19,781
2,25,20,844
2,25,21,741
2,25,22,571
2,25,23,650
2,25,24,590
2,26,1,490
2,26,2,432
2,26,3,457
2,26,4,459
2,26,5,470
2,26,6,678
2,26,7,920
2,26,8,1387
2,26,9,1966
2,26,10,2280
2,26,11,2188
2,26,12,2398
2,26,13,2840
2,26,14,3162
2,26,15,3177
2,26,16,3461
2,26,17,3601
2,26,18,3537
2,26,19,2784
2,26,20,1851
2,26,21,1584
2,26,22,1418
2,26,23,1177
2,26,24,1073
2,27,1,719
2,27,2,574
2,27,3,531
2,27,4,543
2,27,5,599
2,27,6,903
2,27,7,1361
2,27,8,2416
2,27,9,2505
2,27,10,2466
2,27,11,2693
2,27,12,3037
2,27,13,3472
2,27,14,3533
2,27,15,3547
2,27,16,3449
2,27,17,3059
2,27,18,3108
2,27,19,2563
2,27,20,2080
2,27,21,2066
2,27,22,1567
2,27,23,1606
2,27,24,1250
2,28,1,906
2,28,2,722
2,28,3,707
2,28,4,671
2,28,5,641
2,28,6,730
2,28,7,966
2,28,8,1888
2,28,9,2425
2,28,10,2485
2,28,11,2431
2,28,12,2647
2,28,13,2845
2,28,14,2735
2,28,15,2824
2,28,16,2833
2,28,17,2582
2,28,18,2748
2,28,19,2264
2,28,20,1711
2,28,21,1822
2,28,22,1569
2,28,23,1737
2,28,24,959
3,1,1,1175
3,1,2,839
3,1,3,715
3,1,4,722
3,1,5,568
3,1,6,590
3,1,7,773
3,1,8,1591
3,1,9,1986
3,1,10,2250
3,1,11,2725
3,1,12,2899
3,1,13,2933
3,1,14,3217
3,1,15,3208
3,1,16,3071
3,1,17,3185
3,1,18,2925
3,1,19,2194
3,1,20,1630
3,1,21,1356
3,1,22,1282
3,1,23,1174
3,1,24,838
3,2,1,664
3,2,2,518
3,2,3,504
3,2,4,435
3,2,5,529
3,2,6,1061
3,2,7,1987
3,2,8,2170
3,2,9,2252
3,2,10,2482
3,2,11,2801
3,2,12,3074
3,2,13,3110
3,2,14,3314
3,2,15,3300
3,2,16,3542
3,2,17,3599
3,2,18,3607
3,2,19,2451
3,2,20,2395
3,2,21,1580
3,2,22,1250
3,2,23,988
3,2,24,1025
3,3,1,730
3,3,2,556
3,3,3,508
3,3,4,524
3,3,5,562
3,3,6,1035
3,3,7,1733
3,3,8,1966
3,3,9,2097
3,3,10,2101
3,3,11,2617
3,3,12,2809
3,3,13,3265
3,3,14,3100
3,3,15,3420
3,3,16,3252
3,3,17,3270
3,3,18,3173
3,3,19,2658
3,3,20,2323
3,3,21,1636
3,3,22,1553
3,3,23,1378
3,3,24,977
3,4,1,698
3,4,2,580
3,4,3,527
3,4,4,490
3,4,5,554
3,4,6,858
3,4,7,1547
3,4,8,2199
3,4,9,2288
3,4,10,2397
3,4,11,2915
3,4,12,2862
3,4,13,2996
3,4,14,3029
3,4,15,3349
3,4,16,3380
3,4,17,3625
3,4,18,3688
3,4,19,3071
3,4,20,2252
3,4,21,1919
3,4,22,1458
3,4,23,1223
3,4,24,1148
3,5,1,695
3,5,2,577
3,5,3,510
3,5,4,524
3,5,5,631
3,5,6,1042
3,5,7,1603
3,5,8,2321
3,5,9,2332
3,5,10,2325
3,5,11,2755
3,5,12,2968
3,5,13,3403
3,5,14,3375
3,5,15,3288
3,5,16,3555
3,5,17,3683
3,5,18,3504
3,5,19,2791
3,5,20,2112
3,5,21,1633
3,5,22,1368
3,5,23,1147
3,5,24,930
3,6,1,695
3,6,2,633
3,6,3,567
3,6,4,552
3,6,5,641
3,6,6,845
3,6,7,1404
3,6,8,2604
3,6,9,2440
3,6,10,2434
3,6,11,2769
3,6,12,3197
3,6,13,3622
3,6,14,3442
3,6,15,3614
3,6,16,3649
3,6,17,3428
3,6,18,3709
3,6,19,3423
3,6,20,2107
3,6,21,2126
3,6,22,1818
3,6,23,1839
3,6,24,1434
3,7,1,1016
3,7,2,950
3,7,3,784
3,7,4,777
3,7,5,740
3,7,6,873
3,7,7,1347
3,7,8,2475
3,7,9,2812
3,7,10,2785
3,7,11,2775
3,7,12,2748
3,7,13,3009
3,7,14,2863
3,7,15,2966
3,7,16,2734
3,7,17,2365
3,7,18,2813
3,7,19,2202
3,7,20,1905
3,7,21,1825
3,7,22,1663
3,7,23,1509
3,7,24,1298
3,8,1,1068
3,8,2,828
3,8,3,564
3,8,4,842
3,8,5,803
3,8,6,722
3,8,7,841
3,8,8,1126
3,8,9,1961
3,8,10,2359
3,8,11,2455
3,8,12,2692
3,8,13,2814
3,8,14,3259
3,8,15,3143
3,8,16,3193
3,8,17,2981
3,8,18,3284
3,8,19,3320
3,8,20,2476
3,8,21,1716
3,8,22,1605
3,8,23,1195
3,8,24,969
3,9,1,688
3,9,2,586
3,9,3,525
3,9,4,507
3,9,5,669
3,9,6,1100
3,9,7,1796
3,9,8,1469
3,9,9,2189
3,9,10,2713
3,9,11,2918
3,9,12,3134
3,9,13,3223
3,9,14,3462
3,9,15,3458
3,9,16,3536
3,9,17,3562
3,9,18,3398
3,9,19,3011
3,9,20,2238
3,9,21,1622
3,9,22,1313
3,9,23,1184
3,9,24,891
3,10,1,652
3,10,2,565
3,10,3,498
3,10,4,507
3,10,5,534
3,10,6,853
3,10,7,1453
3,10,8,1561
3,10,9,2271
3,10,10,2506
3,10,11,2697
3,10,12,2676
3,10,13,2822
3,10,14,3170
3,10,15,2706
3,10,16,3674
3,10,17,3399
3,10,18,3127
3,10,19,2906
3,10,20,1876
3,10,21,1772
3,10,22,1485
3,10,23,1165
3,10,24,909
3,11,1,695
3,11,2,579
3,11,3,529
3,11,4,502
3,11,5,575
3,11,6,943
3,11,7,1435
3,11,8,1608
3,11,9,2125
3,11,10,2216
3,11,11,2402
3,11,12,2653
3,11,13,3026
3,11,14,3340
3,11,15,3267
3,11,16,3450
3,11,17,3776
3,11,18,3744
3,11,19,3471
3,11,20,2118
3,11,21,1823
3,11,22,1524
3,11,23,1199
3,11,24,929
3,12,1,678
3,12,2,558
3,12,3,501
3,12,4,516
3,12,5,619
3,12,6,931
3,12,7,1472
3,12,8,1830
3,12,9,2381
3,12,10,2451
3,12,11,2939
3,12,12,3187
3,12,13,3253
3,12,14,3626
3,12,15,3798
3,12,16,3685
3,12,17,3721
3,12,18,3605
3,12,19,3593
3,12,20,2665
3,12,21,2144
3,12,22,1892
3,12,23,1495
3,12,24,1230
3,13,1,816
3,13,2,688
3,13,3,632
3,13,4,665
3,13,5,746
3,13,6,1099
3,13,7,1637
3,13,8,1632
3,13,9,2358
3,13,10,2564
3,13,11,2779
3,13,12,3043
3,13,13,3549
3,13,14,3761
3,13,15,3782
3,13,16,3780
3,13,17,3743
3,13,18,3614
3,13,19,3427
3,13,20,2517
3,13,21,2042
3,13,22,1870
3,13,23,1748
3,13,24,1489
3,14,1,1171
3,14,2,923
3,14,3,840
3,14,4,917
3,14,5,965
3,14,6,1091
3,14,7,1386
3,14,8,1682
3,14,9,2330
3,14,10,2422
3,14,11,2667
3,14,12,2794
3,14,13,3189
3,14,14,3250
3,14,15,3036
3,14,16,3187
3,14,17,2928
3,14,18,2859
3,14,19,3022
3,14,20,2678
3,14,21,1856
3,14,22,1591
3,14,23,1573
3,14,24,1347
3,15,1,1031
3,15,2,853
3,15,3,811
3,15,4,745
3,15,5,656
3,15,6,688
3,15,7,886
3,15,8,1272
3,15,9,1995
3,15,10,2160
3,15,11,2490
3,15,12,2512
3,15,13,2642
3,15,14,3445
3,15,15,3173
3,15,16,2982
3,15,17,2869
3,15,18,2614
3,15,19,2695
3,15,20,2174
3,15,21,1821
3,15,22,1482
3,15,23,1195
3,15,24,967
3,16,1,721
3,16,2,554
3,16,3,488
3,16,4,520
3,16,5,625
3,16,6,1063
3,16,7,1758
3,16,8,2024
3,16,9,2274
3,16,10,2427
3,16,11,2661
3,16,12,2752
3,16,13,3075
3,16,14,3544
3,16,15,3469
3,16,16,3372
3,16,17,3218
3,16,18,2865
3,16,19,2996
3,16,20,2410
3,16,21,1583
3,16,22,1418
3,16,23,1110
3,16,24,957
3,17,1,651
3,17,2,515
3,17,3,475
3,17,4,544
3,17,5,573
3,17,6,867
3,17,7,1482
3,17,8,2047
3,17,9,2214
3,17,10,2287
3,17,11,2530
3,17,12,2429
3,17,13,2558
3,17,14,3020
3,17,15,3175
3,17,16,3327
3,17,17,3438
3,17,18,3489
3,17,19,3413
3,17,20,2606
3,17,21,1788
3,17,22,1548
3,17,23,1212
3,17,24,976
3,18,1,694
3,18,2,584
3,18,3,502
3,18,4,527
3,18,5,565
3,18,6,880
3,18,7,1539
3,18,8,1976
3,18,9,2321
3,18,10,2378
3,18,11,2609
3,18,12,2564
3,18,13,2824
3,18,14,3166
3,18,15,3167
3,18,16,3285
3,18,17,3600
3,18,18,3885
3,18,19,3406
3,18,20,2393
3,18,21,1851
3,18,22,1428
3,18,23,1204
3,18,24,990
3,19,1,698
3,19,2,560
3,19,3,522
3,19,4,570
3,19,5,689
3,19,6,1038
3,19,7,1834
3,19,8,1724
3,19,9,1997
3,19,10,2142
3,19,11,2576
3,19,12,2880
3,19,13,2964
3,19,14,3157
3,19,15,3472
3,19,16,3729
3,19,17,3758
3,19,18,3515
3,19,19,3132
3,19,20,3051
3,19,21,1955
3,19,22,1531
3,19,23,1293
3,19,24,1018
3,20,1,738
3,20,2,658
3,20,3,623
3,20,4,615
3,20,5,741
3,20,6,1008
3,20,7,1593
3,20,8,1869
3,20,9,2321
3,20,10,2432
3,20,11,2907
3,20,12,3168
3,20,13,3564
3,20,14,3492
3,20,15,3609
3,20,16,3690
3,20,17,3808
3,20,18,3696
3,20,19,3361
3,20,20,3034
3,20,21,1980
3,20,22,1630
3,20,23,1460
3,20,24,1284
3,21,1,1093
3,21,2,882
3,21,3,818
3,21,4,865
3,21,5,840
3,21,6,947
3,21,7,1133
3,21,8,1642
3,21,9,2467
3,21,10,2692
3,21,11,2516
3,21,12,2596
3,21,13,2558
3,21,14,2831
3,21,15,2955
3,21,16,2958
3,21,17,3345
3,21,18,3233
3,21,19,2878
3,21,20,2599
3,21,21,1865
3,21,22,1861
3,21,23,1825
3,21,24,1426
3,22,1,1136
3,22,2,1017
3,22,3,890
3,22,4,856
3,22,5,679
3,22,6,723
3,22,7,863
3,22,8,1092
3,22,9,1640
3,22,10,2174
3,22,11,2650
3,22,12,3045
3,22,13,3073
3,22,14,3646
3,22,15,3398
3,22,16,3264
3,22,17,3074
3,22,18,3269
3,22,19,2948
3,22,20,2361
3,22,21,2130
3,22,22,1601
3,22,23,1198
3,22,24,922
3,23,1,698
3,23,2,547
3,23,3,470
3,23,4,536
3,23,5,615
3,23,6,1138
3,23,7,1791
3,23,8,2134
3,23,9,2516
3,23,10,2524
3,23,11,2504
3,23,12,2635
3,23,13,2889
3,23,14,3117
3,23,15,3305
3,23,16,3172
3,23,17,3599
3,23,18,3831
3,23,19,3253
3,23,20,2604
3,23,21,1725
3,23,22,1302
3,23,23,1024
3,23,24,807
3,24,1,639
3,24,2,525
3,24,3,478
3,24,4,492
3,24,5,564
3,24,6,897
3,24,7,1498
3,24,8,2123
3,24,9,2253
3,24,10,2324
3,24,11,2487
3,24,12,2696
3,24,13,2780
3,24,14,3272
3,24,15,3016
3,24,16,3345
3,24,17,3693
3,24,18,3537
3,24,19,3190
3,24,20,2435
3,24,21,1732
3,24,22,1510
3,24,23,1241
3,24,24,1017
3,25,1,655
3,25,2,538
3,25,3,506
3,25,4,497
3,25,5,595
3,25,6,863
3,25,7,1449
3,25,8,1996
3,25,9,2366
3,25,10,2453
3,25,11,2472
3,25,12,2720
3,25,13,3237
3,25,14,3488
3,25,15,3485
3,25,16,3649
3,25,17,3856
3,25,18,3528
3,25,19,3236
3,25,20,2637
3,25,21,1932
3,25,22,1564
3,25,23,1204
3,25,24,1125
3,26,1,701
3,26,2,593
3,26,3,542
3,26,4,562
3,26,5,611
3,26,6,917
3,26,7,1468
3,26,8,1922
3,26,9,2332
3,26,10,2187
3,26,11,2519
3,26,12,2698
3,26,13,2959
3,26,14,3288
3,26,15,3750
3,26,16,3825
3,26,17,3614
3,26,18,3719
3,26,19,3248
3,26,20,2944
3,26,21,2092
3,26,22,1754
3,26,23,1387
3,26,24,1109
3,27,1,829
3,27,2,708
3,27,3,667
3,27,4,648
3,27,5,751
3,27,6,1032
3,27,7,1427
3,27,8,1820
3,27,9,2361
3,27,10,2840
3,27,11,3260
3,27,12,3349
3,27,13,3221
3,27,14,3072
3,27,15,3079
3,27,16,3027
3,27,17,3623
3,27,18,3557
3,27,19,3735
3,27,20,3055
3,27,21,1928
3,27,22,1199
3,27,23,1961
3,27,24,1530
3,28,1,1212
3,28,2,933
3,28,3,941
3,28,4,937
3,28,5,991
3,28,6,1042
3,28,7,1231
3,28,8,2017
3,28,9,2469
3,28,10,2738
3,28,11,2680
3,28,12,2646
3,28,13,2755
3,28,14,2857
3,28,15,2892
3,28,16,2701
3,28,17,2691
3,28,18,2442
3,28,19,2657
3,28,20,2127
3,28,21,1578
3,28,22,1646
3,28,23,1511
3,28,24,1304
3,29,1,1078
3,29,2,806
3,29,3,762
3,29,4,752
3,29,5,636
3,29,6,646
3,29,7,833
3,29,8,1521
3,29,9,2068
3,29,10,2434
3,29,11,2635
3,29,12,2702
3,29,13,2732
3,29,14,3067
3,29,15,3083
3,29,16,3068
3,29,17,2618
3,29,18,2482
3,29,19,3124
3,29,20,2812
3,29,21,1738
3,29,22,1415
3,29,23,1075
3,29,24,908
3,30,1,614
3,30,2,566
3,30,3,464
3,30,4,514
3,30,5,604
3,30,6,979
3,30,7,1693
3,30,8,2140
3,30,9,2223
3,30,10,2479
3,30,11,2718
3,30,12,3174
3,30,13,3304
3,30,14,2985
3,30,15,2840
3,30,16,3329
3,30,17,3256
3,30,18,3534
3,30,19,3254
3,30,20,2334
3,30,21,1585
3,30,22,1328
3,30,23,1239
3,30,24,892
3,31,1,632
3,31,2,514
3,31,3,465
3,31,4,463
3,31,5,580
3,31,6,868
3,31,7,1417
3,31,8,2236
3,31,9,2227
3,31,10,2235
3,31,11,2550
3,31,12,2582
3,31,13,2533
3,31,14,3239
3,31,15,3663
3,31,16,3580
3,31,17,3737
3,31,18,3506
3,31,19,3041
3,31,20,2733
3,31,21,1810
3,31,22,1509
3,31,23,1143
3,31,24,938
4,1,1,755
4,1,2,592
4,1,3,557
4,1,4,575
4,1,5,625
4,1,6,1030
4,1,7,1653
4,1,8,1973
4,1,9,2158
4,1,10,2333
4,1,11,2631
4,1,12,2626
4,1,13,2715
4,1,14,3254
4,1,15,3348
4,1,16,3429
4,1,17,3452
4,1,18,3493
4,1,19,3027
4,1,20,3182
4,1,21,1946
4,1,22,1593
4,1,23,1265
4,1,24,1001
4,2,1,759
4,2,2,574
4,2,3,566
4,2,4,587
4,2,5,657
4,2,6,992
4,2,7,1511
4,2,8,2135
4,2,9,2471
4,2,10,2760
4,2,11,3010
4,2,12,3283
4,2,13,3474
4,2,14,3584
4,2,15,3753
4,2,16,3996
4,2,17,3909
4,2,18,3749
4,2,19,3242
4,2,20,2908
4,2,21,2642
4,2,22,1902
4,2,23,1332
4,2,24,1216
4,3,1,908
4,3,2,729
4,3,3,696
4,3,4,770
4,3,5,977
4,3,6,1465
4,3,7,1515
4,3,8,2188
4,3,9,2575
4,3,10,2869
4,3,11,2795
4,3,12,2836
4,3,13,3132
4,3,14,3636
4,3,15,3414
4,3,16,3656
4,3,17,3647
4,3,18,3257
4,3,19,3660
4,3,20,3044
4,3,21,2222
4,3,22,2036
4,3,23,1901
4,3,24,1546
4,4,1,1135
4,4,2,1000
4,4,3,1077
4,4,4,1163
4,4,5,994
4,4,6,1195
4,4,7,1534
4,4,8,2354
4,4,9,2957
4,4,10,2819
4,4,11,2844
4,4,12,2771
4,4,13,2576
4,4,14,3022
4,4,15,2931
4,4,16,2905
4,4,17,2625
4,4,18,2419
4,4,19,2495
4,4,20,2526
4,4,21,1838
4,4,22,1579
4,4,23,1546
4,4,24,1226
4,5,1,965
4,5,2,744
4,5,3,664
4,5,4,681
4,5,5,585
4,5,6,642
4,5,7,763
4,5,8,1605
4,5,9,1826
4,5,10,2312
4,5,11,2616
4,5,12,2447
4,5,13,2646
4,5,14,3203
4,5,15,3443
4,5,16,3382
4,5,17,3205
4,5,18,3072
4,5,19,2934
4,5,20,2586
4,5,21,1376
4,5,22,1394
4,5,23,1055
4,5,24,899
4,6,1,669
4,6,2,568
4,6,3,484
4,6,4,510
4,6,5,678
4,6,6,1131
4,6,7,1730
4,6,8,2195
4,6,9,2539
4,6,10,2601
4,6,11,3111
4,6,12,3052
4,6,13,3015
4,6,14,3442
4,6,15,3602
4,6,16,3527
4,6,17,3624
4,6,18,3862
4,6,19,3346
4,6,20,2344
4,6,21,1761
4,6,22,1628
4,6,23,1406
4,6,24,982
4,7,1,698
4,7,2,584
4,7,3,534
4,7,4,500
4,7,5,572
4,7,6,890
4,7,7,1645
4,7,8,1567
4,7,9,1639
4,7,10,2353
4,7,11,2592
4,7,12,2518
4,7,13,2772
4,7,14,3209
4,7,15,3167
4,7,16,3342
4,7,17,3452
4,7,18,3623
4,7,19,3293
4,7,20,2471
4,7,21,1513
4,7,22,1540
4,7,23,1346
4,7,24,995
4,8,1,690
4,8,2,549
4,8,3,509
4,8,4,597
4,8,5,590
4,8,6,921
4,8,7,1308
4,8,8,2058
4,8,9,2291
4,8,10,2435
4,8,11,2703
4,8,12,2651
4,8,13,2597
4,8,14,3015
4,8,15,3215
4,8,16,3434
4,8,17,3509
4,8,18,3624
4,8,19,3585
4,8,20,3058
4,8,21,2048
4,8,22,1542
4,8,23,1185
4,8,24,985
4,9,1,738
4,9,2,589
4,9,3,540
4,9,4,552
4,9,5,652
4,9,6,922
4,9,7,1395
4,9,8,2016
4,9,9,2350
4,9,10,2362
4,9,11,2633
4,9,12,2668
4,9,13,2842
4,9,14,3093
4,9,15,3611
4,9,16,3761
4,9,17,3526
4,9,18,3359
4,9,19,3170
4,9,20,2956
4,9,21,1779
4,9,22,1563
4,9,23,1298
4,9,24,1040
4,10,1,754
4,10,2,590
4,10,3,537
4,10,4,547
4,10,5,661
4,10,6,898
4,10,7,1397
4,10,8,2050
4,10,9,2702
4,10,10,2689
4,10,11,2863
4,10,12,3099
4,10,13,3427
4,10,14,3570
4,10,15,3550
4,10,16,3521
4,10,17,3480
4,10,18,3349
4,10,19,2471
4,10,20,2725
4,10,21,2002
4,10,22,1801
4,10,23,1695
4,10,24,1433
4,11,1,1256
4,11,2,803
4,11,3,676
4,11,4,644
4,11,5,652
4,11,6,722
4,11,7,932
4,11,8,1837
4,11,9,2263
4,11,10,2319
4,11,11,2591
4,11,12,2503
4,11,13,2439
4,11,14,2810
4,11,15,2741
4,11,16,2711
4,11,17,2421
4,11,18,2451
4,11,19,2217
4,11,20,2733
4,11,21,1968
4,11,22,1712
4,11,23,1711
4,11,24,1385
4,12,1,1094
4,12,2,780
4,12,3,652
4,12,4,651
4,12,5,583
4,12,6,587
4,12,7,791
4,12,8,1717
4,12,9,2061
4,12,10,2459
4,12,11,2602
4,12,12,2867
4,12,13,3067
4,12,14,3499
4,12,15,3250
4,12,16,3328
4,12,17,3505
4,12,18,3537
4,12,19,3095
4,12,20,2580
4,12,21,1626
4,12,22,1260
4,12,23,967
4,12,24,823
4,13,1,645
4,13,2,491
4,13,3,470
4,13,4,459
4,13,5,609
4,13,6,938
4,13,7,1490
4,13,8,2190
4,13,9,2279
4,13,10,2375
4,13,11,2750
4,13,12,2813
4,13,13,3263
4,13,14,3416
4,13,15,3481
4,13,16,3693
4,13,17,3942
4,13,18,3887
4,13,19,3214
4,13,20,2587
4,13,21,1635
4,13,22,1558
4,13,23,1351
4,13,24,1022
4,14,1,701
4,14,2,504
4,14,3,490
4,14,4,476
4,14,5,586
4,14,6,1049
4,14,7,1969
4,14,8,2170
4,14,9,2211
4,14,10,2291
4,14,11,2758
4,14,12,2562
4,14,13,2656
4,14,14,3105
4,14,15,3180
4,14,16,3564
4,14,17,3644
4,14,18,3529
4,14,19,3505
4,14,20,2628
4,14,21,2064
4,14,22,1850
4,14,23,1334
4,14,24,990
4,15,1,730
4,15,2,559
4,15,3,491
4,15,4,519
4,15,5,557
4,15,6,950
4,15,7,1522
4,15,8,2008
4,15,9,2246
4,15,10,2340
4,15,11,2883
4,15,12,2962
4,15,13,3161
4,15,14,3157
4,15,15,3412
4,15,16,3607
4,15,17,3781
4,15,18,3762
4,15,19,3212
4,15,20,2603
4,15,21,1887
4,15,22,1437
4,15,23,1139
4,15,24,986
4,16,1,659
4,16,2,558
4,16,3,485
4,16,4,511
4,16,5,585
4,16,6,787
4,16,7,1368
4,16,8,2051
4,16,9,2408
4,16,10,2695
4,16,11,2840
4,16,12,3115
4,16,13,3430
4,16,14,3785
4,16,15,3699
4,16,16,3764
4,16,17,4024
4,16,18,3705
4,16,19,3533
4,16,20,2806
4,16,21,1618
4,16,22,2034
4,16,23,1470
4,16,24,1127
4,17,1,773
4,17,2,586
4,17,3,543
4,17,4,538
4,17,5,577
4,17,6,954
4,17,7,1703
4,17,8,2169
4,17,9,2364
4,17,10,2425
4,17,11,2863
4,17,12,3249
4,17,13,3451
4,17,14,3758
4,17,15,3559
4,17,16,3590
4,17,17,3549
4,17,18,3507
4,17,19,3033
4,17,20,2842
4,17,21,2496
4,17,22,1978
4,17,23,1608
4,17,24,1388
4,18,1,1071
4,18,2,832
4,18,3,693
4,18,4,737
4,18,5,669
4,18,6,826
4,18,7,1113
4,18,8,1848
4,18,9,2471
4,18,10,2615
4,18,11,2706
4,18,12,2735
4,18,13,2886
4,18,14,3047
4,18,15,3085
4,18,16,3109
4,18,17,2541
4,18,18,3087
4,18,19,2566
4,18,20,2360
4,18,21,1824
4,18,22,1519
4,18,23,1467
4,18,24,1305
4,19,1,1065
4,19,2,951
4,19,3,826
4,19,4,808
4,19,5,693
4,19,6,711
4,19,7,873
4,19,8,1388
4,19,9,1660
4,19,10,2111
4,19,11,2496
4,19,12,2661
4,19,13,2947
4,19,14,3353
4,19,15,3533
4,19,16,3545
4,19,17,3325
4,19,18,2957
4,19,19,2557
4,19,20,2251
4,19,21,1837
4,19,22,1302
4,19,23,1227
4,19,24,969
4,20,1,691
4,20,2,551
4,20,3,476
4,20,4,557
4,20,5,630
4,20,6,949
4,20,7,1606
4,20,8,2478
4,20,9,2530
4,20,10,2395
4,20,11,2472
4,20,12,2692
4,20,13,3179
4,20,14,3298
4,20,15,3028
4,20,16,3156
4,20,17,3562
4,20,18,3512
4,20,19,3136
4,20,20,2517
4,20,21,1856
4,20,22,1344
4,20,23,1068
4,20,24,880
4,21,1,639
4,21,2,505
4,21,3,480
4,21,4,507
4,21,5,517
4,21,6,816
4,21,7,1659
4,21,8,2348
4,21,9,2316
4,21,10,2369
4,21,11,2601
4,21,12,2595
4,21,13,2795
4,21,14,3269
4,21,15,3219
4,21,16,3458
4,21,17,3657
4,21,18,3386
4,21,19,3057
4,21,20,2809
4,21,21,1614
4,21,22,1449
4,21,23,1149
4,21,24,952
4,22,1,703
4,22,2,556
4,22,3,484
4,22,4,480
4,22,5,564
4,22,6,838
4,22,7,1640
4,22,8,2412
4,22,9,2145
4,22,10,2195
4,22,11,2545
4,22,12,2613
4,22,13,2868
4,22,14,3236
4,22,15,3052
4,22,16,3602
4,22,17,3758
4,22,18,3578
4,22,19,3094
4,22,20,3402
4,22,21,2125
4,22,22,1376
4,22,23,1196
4,22,24,906
4,23,1,692
4,23,2,562
4,23,3,515
4,23,4,552
4,23,5,568
4,23,6,804
4,23,7,1464
4,23,8,2344
4,23,9,2218
4,23,10,2303
4,23,11,2418
4,23,12,2550
4,23,13,3143
4,23,14,3325
4,23,15,3422
4,23,16,3633
4,23,17,3681
4,23,18,3703
4,23,19,2880
4,23,20,2588
4,23,21,1802
4,23,22,1577
4,23,23,1306
4,23,24,1035
4,24,1,724
4,24,2,508
4,24,3,517
4,24,4,529
4,24,5,594
4,24,6,876
4,24,7,1602
4,24,8,2571
4,24,9,2510
4,24,10,2493
4,24,11,2619
4,24,12,2736
4,24,13,3255
4,24,14,3396
4,24,15,3272
4,24,16,3122
4,24,17,3636
4,24,18,3300
4,24,19,2763
4,24,20,2840
4,24,21,2015
4,24,22,1583
4,24,23,1474
4,24,24,1486
4,25,1,915
4,25,2,716
4,25,3,641
4,25,4,611
4,25,5,561
4,25,6,648
4,25,7,976
4,25,8,2012
4,25,9,2226
4,25,10,2486
4,25,11,2553
4,25,12,2579
4,25,13,2575
4,25,14,2581
4,25,15,2810
4,25,16,2749
4,25,17,2505
4,25,18,2356
4,25,19,2247
4,25,20,2678
4,25,21,2006
4,25,22,1557
4,25,23,1680
4,25,24,1383
4,26,1,1017
4,26,2,672
4,26,3,662
4,26,4,662
4,26,5,600
4,26,6,649
4,26,7,787
4,26,8,1407
4,26,9,1438
4,26,10,2066
4,26,11,2280
4,26,12,2422
4,26,13,2524
4,26,14,2821
4,26,15,3184
4,26,16,3140
4,26,17,2668
4,26,18,3027
4,26,19,2785
4,26,20,2689
4,26,21,1714
4,26,22,1251
4,26,23,1102
4,26,24,833
4,27,1,605
4,27,2,514
4,27,3,466
4,27,4,485
4,27,5,598
4,27,6,842
4,27,7,2001
4,27,8,2559
4,27,9,2232
4,27,10,2426
4,27,11,2685
4,27,12,2830
4,27,13,3029
4,27,14,3248
4,27,15,3199
4,27,16,3504
4,27,17,3389
4,27,18,3431
4,27,19,3034
4,27,20,2441
4,27,21,1763
4,27,22,1170
4,27,23,1000
4,27,24,874
4,28,1,586
4,28,2,512
4,28,3,487
4,28,4,440
4,28,5,584
4,28,6,845
4,28,7,1558
4,28,8,2503
4,28,9,2293
4,28,10,2073
4,28,11,2348
4,28,12,2577
4,28,13,2781
4,28,14,3070
4,28,15,3134
4,28,16,3331
4,28,17,3433
4,28,18,3448
4,28,19,3074
4,28,20,2540
4,28,21,1639
4,28,22,1352
4,28,23,1197
4,28,24,859
4,29,1,613
4,29,2,519
4,29,3,468
4,29,4,496
4,29,5,534
4,29,6,851
4,29,7,1590
4,29,8,2498
4,29,9,2330
4,29,10,2334
4,29,11,2556
4,29,12,2810
4,29,13,3110
4,29,14,3247
4,29,15,3368
4,29,16,3562
4,29,17,3742
4,29,18,3534
4,29,19,3077
4,29,20,2737
4,29,21,1793
4,29,22,1366
4,29,23,1148
4,29,24,976
4,30,1,646
4,30,2,526
4,30,3,502
4,30,4,500
4,30,5,541
4,30,6,850
4,30,7,1699
4,30,8,2521
4,30,9,2313
4,30,10,2238
4,30,11,2789
4,30,12,2904
4,30,13,3279
4,30,14,3568
4,30,15,3700
4,30,16,3617
4,30,17,3937
4,30,18,3853
4,30,19,3377
4,30,20,2738
4,30,21,2004
4,30,22,1443
4,30,23,1234
4,30,24,902
5,1,1,608
5,1,2,552
5,1,3,528
5,1,4,489
5,1,5,580
5,1,6,851
5,1,7,1488
5,1,8,2497
5,1,9,2421
5,1,10,2504
5,1,11,2695
5,1,12,2995
5,1,13,3400
5,1,14,3349
5,1,15,3484
5,1,16,3668
5,1,17,3793
5,1,18,3671
5,1,19,3110
5,1,20,2775
5,1,21,2118
5,1,22,1477
5,1,23,1385
5,1,24,1311
5,2,1,714
5,2,2,714
5,2,3,615
5,2,4,627
5,2,5,725
5,2,6,647
5,2,7,960
5,2,8,1889
5,2,9,1961
5,2,10,2569
5,2,11,2565
5,2,12,2057
5,2,13,2630
5,2,14,2677
5,2,15,2596
5,2,16,2682
5,2,17,2653
5,2,18,2542
5,2,19,2366
5,2,20,2422
5,2,21,1582
5,2,22,1548
5,2,23,1373
5,2,24,1285
5,3,1,887
5,3,2,861
5,3,3,744
5,3,4,664
5,3,5,580
5,3,6,656
5,3,7,883
5,3,8,1525
5,3,9,1566
5,3,10,2091
5,3,11,2432
5,3,12,2602
5,3,13,2683
5,3,14,2652
5,3,15,3003
5,3,16,3161
5,3,17,3015
5,3,18,3101
5,3,19,2869
5,3,20,2653
5,3,21,1737
5,3,22,1429
5,3,23,1107
5,3,24,955
5,4,1,675
5,4,2,554
5,4,3,432
5,4,4,496
5,4,5,571
5,4,6,846
5,4,7,2064
5,4,8,2592
5,4,9,2474
5,4,10,2548
5,4,11,2849
5,4,12,2874
5,4,13,3077
5,4,14,3214
5,4,15,3335
5,4,16,3458
5,4,17,3613
5,4,18,3355
5,4,19,3184
5,4,20,2456
5,4,21,1654
5,4,22,1212
5,4,23,1019
5,4,24,848
5,5,1,648
5,5,2,510
5,5,3,489
5,5,4,462
5,5,5,557
5,5,6,848
5,5,7,1652
5,5,8,2616
5,5,9,2354
5,5,10,2403
5,5,11,2628
5,5,12,2688
5,5,13,2764
5,5,14,3140
5,5,15,3160
5,5,16,3324
5,5,17,3690
5,5,18,3149
5,5,19,2983
5,5,20,2306
5,5,21,1926
5,5,22,1154
5,5,23,1017
5,5,24,915
5,6,1,641
5,6,2,494
5,6,3,474
5,6,4,485
5,6,5,511
5,6,6,846
5,6,7,1882
5,6,8,2508
5,6,9,2278
5,6,10,2535
5,6,11,2848
5,6,12,2811
5,6,13,2884
5,6,14,3208
5,6,15,3189
5,6,16,3420
5,6,17,3600
5,6,18,3492
5,6,19,3150
5,6,20,2818
5,6,21,796
5,6,22,1781
5,6,23,1427
5,6,24,984
5,7,1,698
5,7,2,563
5,7,3,547
5,7,4,508
5,7,5,589
5,7,6,885
5,7,7,1801
5,7,8,2353
5,7,9,2314
5,7,10,2620
5,7,11,2988
5,7,12,2842
5,7,13,2961
5,7,14,3291
5,7,15,3373
5,7,16,3359
5,7,17,3165
5,7,18,3438
5,7,19,3473
5,7,20,3261
5,7,21,2251
5,7,22,1749
5,7,23,1372
5,7,24,1033
5,8,1,692
5,8,2,619
5,8,3,517
5,8,4,562
5,8,5,667
5,8,6,921
5,8,7,1958
5,8,8,2532
5,8,9,2498
5,8,10,2796
5,8,11,3099
5,8,12,3053
5,8,13,2945
5,8,14,3274
5,8,15,3335
5,8,16,3282
5,8,17,3602
5,8,18,3552
5,8,19,3053
5,8,20,2833
5,8,21,2311
5,8,22,1713
5,8,23,1467
5,8,24,1383
5,9,1,964
5,9,2,795
5,9,3,667
5,9,4,690
5,9,5,657
5,9,6,739
5,9,7,1454
5,9,8,2360
5,9,9,2505
5,9,10,2630
5,9,11,2684
5,9,12,2636
5,9,13,2578
5,9,14,2770
5,9,15,2855
5,9,16,2901
5,9,17,2735
5,9,18,2888
5,9,19,2687
5,9,20,2984
5,9,21,2128
5,9,22,1736
5,9,23,1610
5,9,24,1458
5,10,1,1023
5,10,2,760
5,10,3,707
5,10,4,692
5,10,5,577
5,10,6,586
5,10,7,1184
5,10,8,1453
5,10,9,1785
5,10,10,2484
5,10,11,2928
5,10,12,3005
5,10,13,2926
5,10,14,3311
5,10,15,3233
5,10,16,3217
5,10,17,3203
5,10,18,3202
5,10,19,3057
5,10,20,3252
5,10,21,2389
5,10,22,1596
5,10,23,1306
5,10,24,1081
5,11,1,692
5,11,2,517
5,11,3,465
5,11,4,486
5,11,5,591
5,11,6,1062
5,11,7,2492
5,11,8,2477
5,11,9,2334
5,11,10,2576
5,11,11,3018
5,11,12,3083
5,11,13,3039
5,11,14,3166
5,11,15,3508
5,11,16,3369
5,11,17,3614
5,11,18,3595
5,11,19,3242
5,11,20,2680
5,11,21,2023
5,11,22,1381
5,11,23,1161
5,11,24,874
5,12,1,643
5,12,2,521
5,12,3,481
5,12,4,515
5,12,5,575
5,12,6,878
5,12,7,2015
5,12,8,2701
5,12,9,2154
5,12,10,2395
5,12,11,2860
5,12,12,2667
5,12,13,2778
5,12,14,3365
5,12,15,3486
5,12,16,3673
5,12,17,3975
5,12,18,3614
5,12,19,3426
5,12,20,2893
5,12,21,1703
5,12,22,1526
5,12,23,1224
5,12,24,923
5,13,1,628
5,13,2,547
5,13,3,505
5,13,4,474
5,13,5,634
5,13,6,861
5,13,7,1541
5,13,8,2420
5,13,9,2122
5,13,10,2536
5,13,11,2798
5,13,12,2911
5,13,13,2957
5,13,14,3314
5,13,15,3285
5,13,16,3527
5,13,17,3701
5,13,18,3462
5,13,19,2985
5,13,20,3086
5,13,21,2129
5,13,22,1520
5,13,23,1218
5,13,24,1199
5,14,1,716
5,14,2,560
5,14,3,499
5,14,4,539
5,14,5,622
5,14,6,892
5,14,7,2029
5,14,8,2368
5,14,9,2150
5,14,10,2197
5,14,11,2598
5,14,12,2859
5,14,13,2998
5,14,14,3453
5,14,15,3442
5,14,16,3424
5,14,17,3850
5,14,18,3631
5,14,19,3498
5,14,20,3546
5,14,21,1939
5,14,22,1625
5,14,23,1340
5,14,24,1199
5,15,1,784
5,15,2,609
5,15,3,543
5,15,4,559
5,15,5,625
5,15,6,950
5,15,7,1861
5,15,8,2513
5,15,9,2200
5,15,10,2432
5,15,11,2660
5,15,12,2630
5,15,13,3204
5,15,14,3368
5,15,15,3643
5,15,16,3733
5,15,17,3917
5,15,18,3887
5,15,19,3390
5,15,20,2625
5,15,21,2581
5,15,22,1614
5,15,23,1533
5,15,24,1326
5,16,1,995
5,16,2,734
5,16,3,668
5,16,4,665
5,16,5,642
5,16,6,755
5,16,7,1511
5,16,8,2394
5,16,9,2773
5,16,10,2371
5,16,11,2648
5,16,12,2742
5,16,13,2526
5,16,14,2739
5,16,15,2944
5,16,16,2796
5,16,17,2882
5,16,18,2773
5,16,19,2701
5,16,20,2674
5,16,21,1848
5,16,22,1643
5,16,23,1586
5,16,24,1433
5,17,1,1039
5,17,2,814
5,17,3,725
5,17,4,715
5,17,5,590
5,17,6,645
5,17,7,1167
5,17,8,1708
5,17,9,2097
5,17,10,2132
5,17,11,2526
5,17,12,2774
5,17,13,3283
5,17,14,3428
5,17,15,3680
5,17,16,3376
5,17,17,2849
5,17,18,3381
5,17,19,3291
5,17,20,3315
5,17,21,2213
5,17,22,1524
5,17,23,1254
5,17,24,1035
5,18,1,740
5,18,2,563
5,18,3,511
5,18,4,478
5,18,5,631
5,18,6,1144
5,18,7,2349
5,18,8,2607
5,18,9,2291
5,18,10,2368
5,18,11,2834
5,18,12,2771
5,18,13,3019
5,18,14,3250
5,18,15,3638
5,18,16,3579
5,18,17,3733
5,18,18,3479
5,18,19,3336
5,18,20,3117
5,18,21,2028
5,18,22,1439
5,18,23,1128
5,18,24,931
5,19,1,677
5,19,2,530
5,19,3,494
5,19,4,495
5,19,5,547
5,19,6,925
5,19,7,2204
5,19,8,2554
5,19,9,2263
5,19,10,2202
5,19,11,2439
5,19,12,2722
5,19,13,2570
5,19,14,3215
5,19,15,3513
5,19,16,3536
5,19,17,3668
5,19,18,3634
5,19,19,3136
5,19,20,3007
5,19,21,2156
5,19,22,1569
5,19,23,1279
5,19,24,1011
5,20,1,701
5,20,2,550
5,20,3,521
5,20,4,532
5,20,5,569
5,20,6,906
5,20,7,2189
5,20,8,2342
5,20,9,2299
5,20,10,2423
5,20,11,2805
5,20,12,2910
5,20,13,2980
5,20,14,3133
5,20,15,3293
5,20,16,3558
5,20,17,3629
5,20,18,3566
5,20,19,3289
5,20,20,2885
5,20,21,1922
5,20,22,1650
5,20,23,1410
5,20,24,1225
5,21,1,778
5,21,2,552
5,21,3,544
5,21,4,556
5,21,5,619
5,21,6,917
5,21,7,1872
5,21,8,2719
5,21,9,2615
5,21,10,2801
5,21,11,2834
5,21,12,2932
5,21,13,2868
5,21,14,3328
5,21,15,3367
5,21,16,3370
5,21,17,3634
5,21,18,3503
5,21,19,3498
5,21,20,3220
5,21,21,2881
5,21,22,1745
5,21,23,1587
5,21,24,1105
5,22,1,839
5,22,2,636
5,22,3,587
5,22,4,579
5,22,5,663
5,22,6,956
5,22,7,2324
5,22,8,2598
5,22,9,2765
5,22,10,2834
5,22,11,3206
5,22,12,3415
5,22,13,3317
5,22,14,3461
5,22,15,3550
5,22,16,3650
5,22,17,3652
5,22,18,3391
5,22,19,3071
5,22,20,3244
5,22,21,2203
5,22,22,1703
5,22,23,1710
5,22,24,1675
5,23,1,1107
5,23,2,798
5,23,3,758
5,23,4,721
5,23,5,762
5,23,6,902
5,23,7,1947
5,23,8,2343
5,23,9,2767
5,23,10,3119
5,23,11,3305
5,23,12,3193
5,23,13,2675
5,23,14,2801
5,23,15,2850
5,23,16,2668
5,23,17,2930
5,23,18,2616
5,23,19,2579
5,23,20,2856
5,23,21,2131
5,23,22,1582
5,23,23,1544
5,23,24,1302
5,24,1,936
5,24,2,768
5,24,3,692
5,24,4,740
5,24,5,634
5,24,6,621
5,24,7,1247
5,24,8,1464
5,24,9,1708
5,24,10,1964
5,24,11,2301
5,24,12,2255
5,24,13,2220
5,24,14,2807
5,24,15,2871
5,24,16,2806
5,24,17,2726
5,24,18,2839
5,24,19,2451
5,24,20,2554
5,24,21,1966
5,24,22,1456
5,24,23,1262
5,24,24,1104
5,25,1,911
5,25,2,672
5,25,3,546
5,25,4,576
5,25,5,600
5,25,6,683
5,25,7,1094
5,25,8,1474
5,25,9,1861
5,25,10,1947
5,25,11,2167
5,25,12,2411
5,25,13,2848
5,25,14,2913
5,25,15,3157
5,25,16,3270
5,25,17,3135
5,25,18,3161
5,25,19,2681
5,25,20,2481
5,25,21,1759
5,25,22,1519
5,25,23,1125
5,25,24,907
5,26,1,642
5,26,2,570
5,26,3,480
5,26,4,535
5,26,5,673
5,26,6,1088
5,26,7,2324
5,26,8,2754
5,26,9,2450
5,26,10,2639
5,26,11,2962
5,26,12,3238
5,26,13,3119
5,26,14,3159
5,26,15,3471
5,26,16,3397
5,26,17,3213
5,26,18,3120
5,26,19,3053
5,26,20,2975
5,26,21,1919
5,26,22,1315
5,26,23,1065
5,26,24,964
5,27,1,704
5,27,2,583
5,27,3,490
5,27,4,522
5,27,5,574
5,27,6,937
5,27,7,1748
5,27,8,2749
5,27,9,2282
5,27,10,2418
5,27,11,2676
5,27,12,2961
5,27,13,3139
5,27,14,3346
5,27,15,3334
5,27,16,3465
5,27,17,3623
5,27,18,3687
5,27,19,3317
5,27,20,2884
5,27,21,1863
5,27,22,1408
5,27,23,1204
5,27,24,977
5,28,1,731
5,28,2,609
5,28,3,545
5,28,4,542
5,28,5,636
5,28,6,957
5,28,7,1683
5,28,8,2673
5,28,9,2434
5,28,10,2394
5,28,11,2515
5,28,12,2845
5,28,13,2941
5,28,14,3521
5,28,15,3184
5,28,16,3050
5,28,17,3206
5,28,18,2821
5,28,19,3500
5,28,20,3281
5,28,21,1881
5,28,22,1663
5,28,23,1360
5,28,24,1072
5,29,1,747
5,29,2,618
5,29,3,540
5,29,4,576
5,29,5,661
5,29,6,1037
5,29,7,1817
5,29,8,2658
5,29,9,2426
5,29,10,2174
5,29,11,2852
5,29,12,2912
5,29,13,3068
5,29,14,3271
5,29,15,3270
5,29,16,3427
5,29,17,3738
5,29,18,3592
5,29,19,3418
5,29,20,2813
5,29,21,2203
5,29,22,1599
5,29,23,1427
5,29,24,1345
5,30,1,980
5,30,2,800
5,30,3,712
5,30,4,718
5,30,5,711
5,30,6,801
5,30,7,1702
5,30,8,2101
5,30,9,2483
5,30,10,2612
5,30,11,2717
5,30,12,3004
5,30,13,2794
5,30,14,2941
5,30,15,2976
5,30,16,2915
5,30,17,2901
5,30,18,2764
5,30,19,2381
5,30,20,2896
5,30,21,2325
5,30,22,1311
5,30,23,1541
5,30,24,1204
5,31,1,1010
5,31,2,885
5,31,3,720
5,31,4,711
5,31,5,658
5,31,6,666
5,31,7,1382
5,31,8,1584
5,31,9,1836
5,31,10,2401
5,31,11,2966
5,31,12,2936
5,31,13,2737
5,31,14,2230
5,31,15,3389
5,31,16,3421
5,31,17,3049
5,31,18,3197
5,31,19,3122
5,31,20,2990
5,31,21,2168
5,31,22,1515
5,31,23,1326
5,31,24,965